{"nodes": [{"collage_name": "Abilene Christian University"}, {"collage_name": "Adelphi University"}, {"collage_name": "Adrian College"}, {"collage_name": "Agnes Scott College"}, {"collage_name": "Alaska Pacific University"}, {"collage_name": "Albertson College"}, {"collage_name": "Albertus Magnus College"}, {"collage_name": "Albion College"}, {"collage_name": "Albright College"}, {"collage_name": "Alderson-Broaddus College"}, {"collage_name": "Alfred University"}, {"collage_name": "Allegheny College"}, {"collage_name": "Allentown Coll. of St. Francis de Sales"}, {"collage_name": "Alma College"}, {"collage_name": "Alverno College"}, {"collage_name": "American International College"}, {"collage_name": "Amherst College"}, {"collage_name": "Anderson University"}, {"collage_name": "Andrews University"}, {"collage_name": "Angelo State University"}, {"collage_name": "Antioch University"}, {"collage_name": "Appalachian State University"}, {"collage_name": "Aquinas College"}, {"collage_name": "Arizona State University Main campus"}, {"collage_name": "Arkansas College (Lyon College)"}, {"collage_name": "Arkansas Tech University"}, {"collage_name": "Assumption College"}, {"collage_name": "Auburn University-Main Campus"}, {"collage_name": "Augsburg College"}, {"collage_name": "Augustana College IL"}, {"collage_name": "Augustana College"}, {"collage_name": "Austin College"}, {"collage_name": "Averett College"}, {"collage_name": "Baker University"}, {"collage_name": "Baldwin-Wallace College"}, {"collage_name": "Barat College"}, {"collage_name": "Bard College"}, {"collage_name": "Barnard College"}, {"collage_name": "Barry University"}, {"collage_name": "Baylor University"}, {"collage_name": "Beaver College"}, {"collage_name": "Bellarmine College"}, {"collage_name": "Belmont Abbey College"}, {"collage_name": "Belmont University"}, {"collage_name": "Beloit College"}, {"collage_name": "Bemidji State University"}, {"collage_name": "Benedictine College"}, {"collage_name": "Bennington College"}, {"collage_name": "Bentley College"}, {"collage_name": "Berry College"}, {"collage_name": "Bethany College"}, {"collage_name": "Bethel College KS"}, {"collage_name": "Bethel College"}, {"collage_name": "Bethune Cookman College"}, {"collage_name": "Birmingham-Southern College"}, {"collage_name": "Blackburn College"}, {"collage_name": "Bloomsburg Univ. of Pennsylvania"}, {"collage_name": "Bluefield College"}, {"collage_name": "Bluffton College"}, {"collage_name": "Boston University"}, {"collage_name": "Bowdoin College"}, {"collage_name": "Bowling Green State University"}, {"collage_name": "Bradford College"}, {"collage_name": "Bradley University"}, {"collage_name": "Brandeis University"}, {"collage_name": "Brenau University"}, {"collage_name": "Brewton-Parker College"}, {"collage_name": "Briar Cliff College"}, {"collage_name": "Bridgewater College"}, {"collage_name": "Brigham Young University at Provo"}], "links": [{"source": "Adelphi University", "target": "Briar Cliff College", "value": "1.0"}, {"source": "Agnes Scott College", "target": "Bard College", "value": "0.5"}, {"source": "Agnes Scott College", "target": "Barnard College", "value": "0.5"}, {"source": "Alaska Pacific University", "target": "Barry University", "value": "0.09090909090909091"}, {"source": "Alaska Pacific University", "target": "Belmont Abbey College", "value": "0.36363636363636365"}, {"source": "Alaska Pacific University", "target": "Bowling Green State University", "value": "0.22727272727272727"}, {"source": "Alaska Pacific University", "target": "Brenau University", "value": "0.3181818181818182"}, {"source": "Albertson College", "target": "Baylor University", "value": "1.0"}, {"source": "Albertus Magnus College", "target": "Arizona State University Main campus", "value": "1.0"}, {"source": "Albion College", "target": "Berry College", "value": "1.0"}, {"source": "Alderson-Broaddus College", "target": "Alverno College", "value": "0.2222222222222222"}, {"source": "Alderson-Broaddus College", "target": "Anderson University", "value": "0.5"}, {"source": "Alderson-Broaddus College", "target": "Briar Cliff College", "value": "0.2777777777777778"}, {"source": "Alfred University", "target": "Austin College", "value": "1.0"}, {"source": "Allentown Coll. of St. Francis de Sales", "target": "Albertson College", "value": "1.0"}, {"source": "Alma College", "target": "Austin College", "value": "1.0"}, {"source": "Alverno College", "target": "Bennington College", "value": "1.0"}, {"source": "American International College", "target": "Benedictine College", "value": "1.0"}, {"source": "Amherst College", "target": "Bowdoin College", "value": "1.0"}, {"source": "Andrews University", "target": "Benedictine College", "value": "1.0"}, {"source": "Antioch University", "target": "Abilene Christian University", "value": "1.0"}, {"source": "Appalachian State University", "target": "Bentley College", "value": "1.0"}, {"source": "Aquinas College", "target": "Adrian College", "value": "0.2"}, {"source": "Aquinas College", "target": "Angelo State University", "value": "0.4666666666666667"}, {"source": "Aquinas College", "target": "Baker University", "value": "0.3333333333333333"}, {"source": "Arkansas College (Lyon College)", "target": "Allegheny College", "value": "0.4666666666666667"}, {"source": "Arkansas College (Lyon College)", "target": "Alma College", "value": "0.13333333333333333"}, {"source": "Arkansas College (Lyon College)", "target": "Boston University", "value": "0.4"}, {"source": "Arkansas Tech University", "target": "Aquinas College", "value": "1.0"}, {"source": "Assumption College", "target": "Bentley College", "value": "1.0"}, {"source": "Auburn University-Main Campus", "target": "Beaver College", "value": "0.7"}, {"source": "Auburn University-Main Campus", "target": "Beloit College", "value": "0.3"}, {"source": "Augustana College IL", "target": "Bellarmine College", "value": "0.7777777777777778"}, {"source": "Augustana College IL", "target": "Berry College", "value": "0.2222222222222222"}, {"source": "Augustana College", "target": "Angelo State University", "value": "0.3888888888888889"}, {"source": "Augustana College", "target": "Bloomsburg Univ. of Pennsylvania", "value": "0.3333333333333333"}, {"source": "Augustana College", "target": "Bridgewater College", "value": "0.2777777777777778"}, {"source": "Averett College", "target": "Bethany College", "value": "1.0"}, {"source": "Barat College", "target": "Anderson University", "value": "0.7142857142857143"}, {"source": "Barat College", "target": "Averett College", "value": "0.2857142857142857"}, {"source": "Baylor University", "target": "Baldwin-Wallace College", "value": "0.5384615384615384"}, {"source": "Baylor University", "target": "Bellarmine College", "value": "0.46153846153846156"}, {"source": "Beaver College", "target": "Blackburn College", "value": "0.3"}, {"source": "Beaver College", "target": "Bluffton College", "value": "0.7"}, {"source": "Belmont University", "target": "Baldwin-Wallace College", "value": "1.0"}, {"source": "Beloit College", "target": "Arizona State University Main campus", "value": "1.0"}, {"source": "Bemidji State University", "target": "Barat College", "value": "1.0"}, {"source": "Benedictine College", "target": "Brewton-Parker College", "value": "1.0"}, {"source": "Bentley College", "target": "Auburn University-Main Campus", "value": "1.0"}, {"source": "Berry College", "target": "Alfred University", "value": "1.0"}, {"source": "Bethel College KS", "target": "Baker University", "value": "0.6666666666666666"}, {"source": "Bethel College KS", "target": "Bethany College", "value": "0.3333333333333333"}, {"source": "Bethel College", "target": "Augsburg College", "value": "0.42857142857142855"}, {"source": "Bethel College", "target": "Bluefield College", "value": "0.5714285714285714"}, {"source": "Bethune Cookman College", "target": "Bemidji State University", "value": "1.0"}, {"source": "Birmingham-Southern College", "target": "Barnard College", "value": "1.0"}, {"source": "Blackburn College", "target": "Bradley University", "value": "1.0"}, {"source": "Bluefield College", "target": "Barat College", "value": "1.0"}, {"source": "Bluffton College", "target": "Abilene Christian University", "value": "0.5833333333333334"}, {"source": "Bluffton College", "target": "Barry University", "value": "0.4166666666666667"}, {"source": "Boston University", "target": "Brandeis University", "value": "1.0"}, {"source": "Bowdoin College", "target": "Agnes Scott College", "value": "1.0"}, {"source": "Bradford College", "target": "Bemidji State University", "value": "1.0"}, {"source": "Bradley University", "target": "Albright College", "value": "0.46153846153846156"}, {"source": "Bradley University", "target": "Baldwin-Wallace College", "value": "0.5384615384615384"}, {"source": "Brandeis University", "target": "Bard College", "value": "1.0"}, {"source": "Brewton-Parker College", "target": "Bethel College", "value": "1.0"}, {"source": "Bridgewater College", "target": "Abilene Christian University", "value": "1.0"}, {"source": "Brigham Young University at Provo", "target": "Boston University", "value": "1.0"}]}